movement,period,avg_frequency,max_frequency,total_archaisms,total_words,description
Классицизм,1730-1800,16.92637826973555,23.588780659547,1518,95337,"Ориентация на античные образцы, строгость формы"
Сентиментализм,1770-1820,13.172480972761866,14.860230697287747,2985,249267,"Культ чувства, внимание к внутреннему миру"
Романтизм,1800-1840,11.682532513562517,14.161878842858584,4287,381418,"Интерес к истории, народности, высокий стиль"
Реализм,1840-1890,8.702342165548153,9.187216463491902,2928,333045,Объективное изображение действительности
Символизм,1890-1910,8.37687015320285,8.938905168804945,2346,287425,"Символы, мистика, поиск высших смыслов"
Акмеизм,1910-1920,7.7021523677646115,7.792872586196445,2324,301791,"Возврат к материальному миру, ясность образов"
Футуризм,1910-1930,7.5270596801393514,7.792872586196445,3079,406990,"Отказ от традиций, словотворчество"
Советская поэзия,1920-1990,6.616058365714823,7.611432149332777,5175,766909,"Идеологическая поэзия, урбанизация языка"
